"ticker","publish_time","title","link","price_10_min_before","price_at_news","price_after","trend_before","trend_after","minutes_after","market_status"
"AAPL","2024-10-20 18:30:00","Better Chip Stock: ASML vs. TSMC","https://www.fool.com/investing/2024/10/20/better-chip-stock-asml-vs-tsmc/?source=eptyholnk0000202&utm_source=yahoo-host-full&utm_medium=feed&utm_campaign=article&referring_guid=e989229c-9864-4cdd-98b9-82d364b678b4&.tsrc=rss","235.0","235.0","235.0","0","0","0","Closed"
"AMZN","2024-10-20 18:12:00","Is Amazon a Buy, Sell, or Hold in 2025?","https://www.fool.com/investing/2024/10/20/is-amazon-a-buy-sell-or-hold-in-2025/?source=eptyholnk0000202&utm_source=yahoo-host-full&utm_medium=feed&utm_campaign=article&referring_guid=85c82d2d-368d-4997-a230-96e3c8831d9a&.tsrc=rss","188.99000549316406","188.99000549316406","188.99000549316406","0","0","0","Closed"
"NVDA","2024-10-20 18:07:05","Jim Cramer on Taiwan Semiconductor Manufacturing Company Limited (TSM): ‘This Company Is The Biggest And The Best’","https://finance.yahoo.com/news/jim-cramer-taiwan-semiconductor-manufacturing-220705060.html?.tsrc=rss","138.0","138.0","138.0","0","0","0","Closed"
"ELF","2024-10-20 18:00:00","e.l.f. Beauty’s New Challenge: ‘Dupe That!’, an Invitation to Other Companies to Join the Unicorn Parade to Make Positive Impacts","https://finance.yahoo.com/news/e-l-f-beauty-challenge-220000159.html?.tsrc=rss","108.19999694824219","108.19999694824219","108.19999694824219","0","0","0","Closed"
"NFLX","2024-10-20 17:59:50","Jim Cramer on Netflix, Inc. (NFLX): ‘They Have That Advertising Tier, Of Course, It’s Working’","https://finance.yahoo.com/news/jim-cramer-netflix-inc-nflx-215950414.html?.tsrc=rss","763.8900146484375","763.8900146484375","763.8900146484375","0","0","0","Closed"
"GOOGL","2024-10-20 17:56:59","Major Texas Solar Project Will Power Google's Data Centers, Cloud Operations","https://www.powermag.com/major-texas-solar-project-will-power-googles-data-centers-cloud-operations/?.tsrc=rss","163.4199981689453","163.4199981689453","163.4199981689453","0","0","0","Closed"
"GOOG","2024-10-20 17:56:59","Major Texas Solar Project Will Power Google's Data Centers, Cloud Operations","https://www.powermag.com/major-texas-solar-project-will-power-googles-data-centers-cloud-operations/?.tsrc=rss","165.0500030517578","165.0500030517578","165.0500030517578","0","0","0","Closed"
"WFC","2024-10-20 17:37:40","Jim Cramer on Wells Fargo & Company (WFC) CEO Charlie Scharf: ‘Turns Out Scharf’s Just Real Smart’","https://finance.yahoo.com/news/jim-cramer-wells-fargo-company-213740571.html?.tsrc=rss","64.36000061035156","64.36000061035156","64.36000061035156","0","0","0","Closed"
"CRWD","2024-10-20 17:26:23","Jim Cramer Says CrowdStrike Holdings, Inc. (CRWD) ‘Is A High Flyer That Sells For 85 Times Earnings’","https://finance.yahoo.com/news/jim-cramer-says-crowdstrike-holdings-212623224.html?.tsrc=rss","310.1499938964844","310.1499938964844","310.1499938964844","0","0","0","Closed"
"NVDA","2024-10-20 17:24:00","‘God works in mysterious ways’: I became a Nvidia millionaire playing ‘World of Warcraft.’ Am I smart — or just lucky?","https://www.marketwatch.com/story/god-works-in-mysterious-ways-i-became-a-nvidia-millionaire-while-unemployed-and-playing-world-of-warcraft-am-i-smart-or-just-lucky-a0a9ec8f?.tsrc=rss","138.0","138.0","138.0","0","0","0","Closed"
"BX","2024-10-20 17:22:53","Jim on Blackstone Inc. (BX): ‘You’re Buying The Life’s Work Of Some Of The Smartest People In The Business World’","https://finance.yahoo.com/news/jim-blackstone-inc-bx-buying-212253537.html?.tsrc=rss","172.36000061035156","172.36000061035156","172.36000061035156","0","0","0","Closed"
"BLK","2024-10-20 17:18:28","Jim Cramer Says BlackRock, Inc. (BLK) ‘Demonstrated Such Success With This Quarter’","https://finance.yahoo.com/news/jim-cramer-says-blackrock-inc-211828681.html?.tsrc=rss","1007.02001953125","1007.02001953125","1007.02001953125","0","0","0","Closed"
"NVDA","2024-10-20 16:46:46","Should you buy Nvidia stock now? It may be a once-in-a-generation opportunity","https://finance.yahoo.com/news/buy-nvidia-stock-now-may-204646268.html?.tsrc=rss","138.0","138.0","138.0","0","0","0","Closed"
"TRV","2024-10-20 16:44:48","Jim Cramer Says The Travelers Companies, Inc. (TRV) Is ‘Raising Its Premiums And Making A Ton Of Money In The Premiums’","https://finance.yahoo.com/news/jim-cramer-says-travelers-companies-204448624.html?.tsrc=rss","265.45001220703125","265.45001220703125","265.45001220703125","0","0","0","Closed"
"BABA","2024-10-20 16:32:45","Alibaba Group Holding Limited (BABA): Among Michael Burry’s Top 10 Stock Picks Heading Into 2025","https://finance.yahoo.com/news/alibaba-group-holding-limited-baba-203245958.html?.tsrc=rss","102.43000030517578","102.43000030517578","102.43000030517578","0","0","0","Closed"
"GPN","2024-10-20 16:32:13","Global Payments Inc. (GPN): An Oversold Large Cap Stock To Buy Now","https://finance.yahoo.com/news/global-payments-inc-gpn-oversold-203213054.html?.tsrc=rss","102.30999755859375","102.30999755859375","102.30999755859375","0","0","0","Closed"
"FOUR","2024-10-20 16:30:19","Shift4 Payments, Inc. (FOUR): Among Michael Burry’s Top 10 Stock Picks Heading Into 2025","https://finance.yahoo.com/news/shift4-payments-inc-four-among-203019830.html?.tsrc=rss","95.70999908447266","95.70999908447266","95.70999908447266","0","0","0","Closed"
"BIIB","2024-10-20 16:28:11","Biogen Inc. (BIIB): An Oversold Large Cap Stock To Buy Now","https://finance.yahoo.com/news/biogen-inc-biib-oversold-large-202811740.html?.tsrc=rss","190.16000366210938","190.16000366210938","190.16000366210938","0","0","0","Closed"
"MOH","2024-10-20 16:26:02","Molina Healthcare, Inc. (MOH): Among Michael Burry’s Top 10 Stock Picks Heading Into 2025","https://finance.yahoo.com/news/molina-healthcare-inc-moh-among-202602096.html?.tsrc=rss","289.7200012207031","289.7200012207031","289.7200012207031","0","0","0","Closed"
"DG","2024-10-20 16:24:09","Dollar General Corporation (DG): An Oversold Large Cap Stock To Buy Now","https://finance.yahoo.com/news/dollar-general-corporation-dg-oversold-202409932.html?.tsrc=rss","80.5999984741211","80.5999984741211","80.5999984741211","0","0","0","Closed"
"BIDU","2024-10-20 16:23:48","Baidu, Inc. (BIDU): Among Michael Burry’s Top 10 Stock Picks Heading Into 2025","https://finance.yahoo.com/news/baidu-inc-bidu-among-michael-202348226.html?.tsrc=rss","94.38999938964844","94.38999938964844","94.38999938964844","0","0","0","Closed"
"JD","2024-10-20 16:21:29","JD.com, Inc. (JD): Among Michael Burry’s Top 10 Stock Picks Heading Into 2025","https://finance.yahoo.com/news/jd-com-inc-jd-among-202129834.html?.tsrc=rss","39.97999954223633","39.97999954223633","39.97999954223633","0","0","0","Closed"
"HAL","2024-10-20 16:20:20","Halliburton Company (HAL): An Oversold Large Cap Stock To Buy Now","https://finance.yahoo.com/news/halliburton-company-hal-oversold-large-202020106.html?.tsrc=rss","28.329999923706055","28.329999923706055","28.329999923706055","0","0","0","Closed"
"MCD","2024-10-20 16:20:00","Trump Works McDonald’s Fry Station, Stepping up Criticism of Harris","https://finance.yahoo.com/video/trump-works-mcdonald-fry-station-202000424.html?.tsrc=rss","316.55999755859375","316.55999755859375","316.55999755859375","0","0","0","Closed"
"HPP","2024-10-20 16:17:15","Hudson Pacific Properties, Inc. HPP): Among Michael Burry’s Top 10 Stock Picks Heading Into 2025","https://finance.yahoo.com/news/hudson-pacific-properties-inc-hpp-201715132.html?.tsrc=rss","4.980000019073486","4.980000019073486","4.980000019073486","0","0","0","Closed"
"VALE","2024-10-20 16:14:46","Vale S.A. (VALE): An Oversold Large Cap Stock To Buy Now","https://finance.yahoo.com/news/vale-vale-oversold-large-cap-201446802.html?.tsrc=rss","10.630000114440918","10.630000114440918","10.630000114440918","0","0","0","Closed"
"REAL","2024-10-20 16:14:45","The RealReal, Inc. (REAL): Among Michael Burry’s Top 10 Stock Picks Heading Into 2025","https://finance.yahoo.com/news/realreal-inc-real-among-michael-201445756.html?.tsrc=rss","3.049999952316284","3.049999952316284","3.049999952316284","0","0","0","Closed"
"ACIC","2024-10-20 16:12:14","American Coastal Insurance Corporation (ACIC): Among Michael Burry’s Top 10 Stock Picks Heading Into 2025","https://finance.yahoo.com/news/american-coastal-insurance-corporation-acic-201214306.html?.tsrc=rss","10.5600004196167","10.5600004196167","10.5600004196167","0","0","0","Closed"
"BIDU","2024-10-20 16:11:31","Baidu, Inc. (BIDU): An Oversold Large Cap Stock To Buy Now","https://finance.yahoo.com/news/baidu-inc-bidu-oversold-large-201131350.html?.tsrc=rss","94.38999938964844","94.38999938964844","94.38999938964844","0","0","0","Closed"
"OLPX","2024-10-20 16:09:45","Olaplex Holdings, Inc. (OLPX): Among Michael Burry’s Top 10 Stock Picks Heading Into 2025","https://finance.yahoo.com/news/olaplex-holdings-inc-olpx-among-200945124.html?.tsrc=rss","2.0799999237060547","2.0799999237060547","2.0799999237060547","0","0","0","Closed"
"BCAB","2024-10-20 16:06:42","BioAtla, Inc. (BCAB): Among Michael Burry’s Top 10 Stock Picks Heading Into 2025","https://finance.yahoo.com/news/bioatla-inc-bcab-among-michael-200642676.html?.tsrc=rss","1.940000057220459","1.940000057220459","1.940000057220459","0","0","0","Closed"
"APTV","2024-10-20 16:06:10","Aptiv PLC (APTV): An Oversold Large Cap Stock To Buy Now","https://finance.yahoo.com/news/aptiv-plc-aptv-oversold-large-200610997.html?.tsrc=rss","71.76000213623047","71.76000213623047","71.76000213623047","0","0","0","Closed"
"DLTR","2024-10-20 15:59:40","Dollar Tree, Inc. (DLTR): An Oversold Large Cap Stock To Buy Now","https://finance.yahoo.com/news/dollar-tree-inc-dltr-oversold-195940387.html?.tsrc=rss","68.19999694824219","68.19999694824219","68.19999694824219","0","0","0","Closed"
"CRM","2024-10-20 15:57:13","Salesforce Inc. (CRM): This High Growth Software Stock Is Profitable In 2024","https://finance.yahoo.com/news/salesforce-inc-crm-high-growth-195713615.html?.tsrc=rss","292.94000244140625","292.94000244140625","292.94000244140625","0","0","0","Closed"
"BEN","2024-10-20 15:57:11","Franklin Resources, Inc. (BEN): An Oversold Large Cap Stock To Buy Now","https://finance.yahoo.com/news/franklin-resources-inc-ben-oversold-195711748.html?.tsrc=rss","20.979999542236328","20.979999542236328","20.979999542236328","0","0","0","Closed"
"MGA","2024-10-20 15:53:30","Magna International Inc. (MGA): An Oversold Large Cap Stock To Buy Now","https://finance.yahoo.com/news/magna-international-inc-mga-oversold-195330460.html?.tsrc=rss","43.4900016784668","43.4900016784668","43.4900016784668","0","0","0","Closed"
"NOW","2024-10-20 15:53:07","ServiceNow Inc. (NOW): This High Growth Software Stock Is Profitable In 2024","https://finance.yahoo.com/news/servicenow-inc-now-high-growth-195307865.html?.tsrc=rss","921.75","921.75","921.75","0","0","0","Closed"
"INTU","2024-10-20 15:49:36","Intuit Inc. (INTU): This High Growth Software Stock Is Profitable In 2024","https://finance.yahoo.com/news/intuit-inc-intu-high-growth-194936511.html?.tsrc=rss","613.2899780273438","613.2899780273438","613.2899780273438","0","0","0","Closed"
"BWA","2024-10-20 15:48:55","BorgWarner Inc. (BWA): One of the Best Auto Components and Part Stocks to Buy Right Now","https://finance.yahoo.com/news/borgwarner-inc-bwa-one-best-194855753.html?.tsrc=rss","35.20000076293945","35.20000076293945","35.20000076293945","0","0","0","Closed"
"LEA","2024-10-20 15:46:09","Lear Corporation (LEA): One of the Best Auto Components and Part Stocks to Buy Right Now","https://finance.yahoo.com/news/lear-corporation-lea-one-best-194609921.html?.tsrc=rss","108.95999908447266","108.95999908447266","108.95999908447266","0","0","0","Closed"
"GPN","2024-10-20 15:45:55","Global Payments Inc. (GPN): This High Growth Software Stock Is Profitable In 2024","https://finance.yahoo.com/news/global-payments-inc-gpn-high-194555618.html?.tsrc=rss","102.30999755859375","102.30999755859375","102.30999755859375","0","0","0","Closed"
"APTV","2024-10-20 15:43:26","Aptiv PLC (APTV): One of the Best Auto Components and Part Stocks to Buy Right Now","https://finance.yahoo.com/news/aptiv-plc-aptv-one-best-194326154.html?.tsrc=rss","71.76000213623047","71.76000213623047","71.76000213623047","0","0","0","Closed"
"VEEV","2024-10-20 15:42:07","Veeva Systems Inc. (VEEV): This High Growth Software Stock Is Profitable In 2024","https://finance.yahoo.com/news/veeva-systems-inc-veev-high-194207660.html?.tsrc=rss","221.32000732421875","221.32000732421875","221.32000732421875","0","0","0","Closed"
"ALV","2024-10-20 15:41:07","Autoliv, Inc. (ALV): One of the Best Auto Components and Part Stocks to Buy Right Now","https://finance.yahoo.com/news/autoliv-inc-alv-one-best-194107829.html?.tsrc=rss","99.5199966430664","99.5199966430664","99.5199966430664","0","0","0","Closed"
"GT","2024-10-20 15:38:50","The Goodyear Tire & Rubber Company (GT): One of the Best Auto Components and Part Stocks to Buy Right Now","https://finance.yahoo.com/news/goodyear-tire-rubber-company-gt-193850874.html?.tsrc=rss","8.680000305175781","8.680000305175781","8.680000305175781","0","0","0","Closed"
"TTD","2024-10-20 15:38:08","The Trade Desk Inc. (TTD): This High Growth Software Stock Is Profitable In 2024","https://finance.yahoo.com/news/trade-desk-inc-ttd-high-193808863.html?.tsrc=rss","118.76000213623047","118.76000213623047","118.76000213623047","0","0","0","Closed"
"VC","2024-10-20 15:36:17","Visteon Corporation (VC): One of the Best Auto Components and Part Stocks to Buy Right Now","https://finance.yahoo.com/news/visteon-corporation-vc-one-best-193617931.html?.tsrc=rss","91.54000091552734","91.54000091552734","91.54000091552734","0","0","0","Closed"
"FTNT","2024-10-20 15:34:13","Fortinet Inc. (FTNT): This High Growth Software Stock Is Profitable In 2024","https://finance.yahoo.com/news/fortinet-inc-ftnt-high-growth-193413459.html?.tsrc=rss","81.06999969482422","81.06999969482422","81.06999969482422","0","0","0","Closed"
"GTX","2024-10-20 15:33:25","Garrett Motion Inc. (GTX): One of the Best Auto Components and Part Stocks to Buy Right Now","https://finance.yahoo.com/news/garrett-motion-inc-gtx-one-193325668.html?.tsrc=rss","8.1899995803833","8.1899995803833","8.1899995803833","0","0","0","Closed"
"ZM","2024-10-20 15:24:48","Zoom Video Communications Inc. (ZM): This High Growth Software Stock Is Profitable In 2024","https://finance.yahoo.com/news/zoom-video-communications-inc-zm-192448115.html?.tsrc=rss","70.5199966430664","70.5199966430664","70.5199966430664","0","0","0","Closed"
"GOOGL","2024-10-20 15:19:00","Could Buying Apple Stock Today Set You Up for Life?","https://www.fool.com/investing/2024/10/20/could-buying-apple-stock-today-set-you-up-for-life/?source=eptyholnk0000202&utm_source=yahoo-host-full&utm_medium=feed&utm_campaign=article&referring_guid=09f03f43-0ef8-4148-b9be-8eafbda57674&.tsrc=rss","163.4199981689453","163.4199981689453","163.4199981689453","0","0","0","Closed"
"AAPL","2024-10-20 15:19:00","Could Buying Apple Stock Today Set You Up for Life?","https://www.fool.com/investing/2024/10/20/could-buying-apple-stock-today-set-you-up-for-life/?source=eptyholnk0000202&utm_source=yahoo-host-full&utm_medium=feed&utm_campaign=article&referring_guid=09f03f43-0ef8-4148-b9be-8eafbda57674&.tsrc=rss","235.0","235.0","235.0","0","0","0","Closed"
"GOOG","2024-10-20 15:19:00","Could Buying Apple Stock Today Set You Up for Life?","https://www.fool.com/investing/2024/10/20/could-buying-apple-stock-today-set-you-up-for-life/?source=eptyholnk0000202&utm_source=yahoo-host-full&utm_medium=feed&utm_campaign=article&referring_guid=09f03f43-0ef8-4148-b9be-8eafbda57674&.tsrc=rss","165.0500030517578","165.0500030517578","165.0500030517578","0","0","0","Closed"
"OPI","2024-10-20 15:17:25","Office Properties Income Trust (OPI): Among the Worst Performing REITs in 2024","https://finance.yahoo.com/news/office-properties-income-trust-opi-191725598.html?.tsrc=rss","2.0399999618530273","2.0399999618530273","2.0399999618530273","0","0","0","Closed"
"SVC","2024-10-20 15:16:58","Service Properties Trust (SVC): Among the Worst Performing REITs in 2024","https://finance.yahoo.com/news/properties-trust-svc-among-worst-191658572.html?.tsrc=rss","3.4700000286102295","3.4700000286102295","3.4700000286102295","0","0","0","Closed"
"AMZN","2024-10-20 15:13:52","Amazon.com Inc. (AMZN): A Prime Choice for AI and Cloud Investment in 2024","https://finance.yahoo.com/news/amazon-com-inc-amzn-prime-191352324.html?.tsrc=rss","188.99000549316406","188.99000549316406","188.99000549316406","0","0","0","Closed"
"MSFT","2024-10-20 15:13:12","Microsoft Corp. (MSFT): A Top Stock for Cloud and AI Growth in 2024","https://finance.yahoo.com/news/microsoft-corp-msft-top-stock-191312801.html?.tsrc=rss","418.1600036621094","418.1600036621094","418.1600036621094","0","0","0","Closed"
"META","2024-10-20 15:12:20","Meta Platforms Inc. (META): A Strong Contender for Long-Term Investment in 2024","https://finance.yahoo.com/news/meta-platforms-inc-meta-strong-191220267.html?.tsrc=rss","576.469970703125","576.469970703125","576.469970703125","0","0","0","Closed"
"GOOG","2024-10-20 15:11:32","Alphabet Inc. (GOOGL): A Top Pick for Long-Term Growth in 2024","https://finance.yahoo.com/news/alphabet-inc-googl-top-pick-191132899.html?.tsrc=rss","165.0500030517578","165.0500030517578","165.0500030517578","0","0","0","Closed"
"GOOGL","2024-10-20 15:11:32","Alphabet Inc. (GOOGL): A Top Pick for Long-Term Growth in 2024","https://finance.yahoo.com/news/alphabet-inc-googl-top-pick-191132899.html?.tsrc=rss","163.4199981689453","163.4199981689453","163.4199981689453","0","0","0","Closed"
"AAPL","2024-10-20 15:10:34","Apple Inc. (AAPL): Innovating Through Challenges and Opportunities","https://finance.yahoo.com/news/apple-inc-aapl-innovating-challenges-191034004.html?.tsrc=rss","235.0","235.0","235.0","0","0","0","Closed"
"NVDA","2024-10-20 15:10:10","NVIDIA Corp. (NVDA): Leading the AI and GPU Revolution","https://finance.yahoo.com/news/nvidia-corp-nvda-leading-ai-191010365.html?.tsrc=rss","138.0","138.0","138.0","0","0","0","Closed"
"V","2024-10-20 15:09:22","Visa Inc. (V): A Secure and Innovative Payment Solutions Leader","https://finance.yahoo.com/news/visa-inc-v-secure-innovative-190922668.html?.tsrc=rss","290.6199951171875","290.6199951171875","290.6199951171875","0","0","0","Closed"
"HPP","2024-10-20 15:07:06","Hudson Pacific Properties, Inc. (HPP): Among the Worst Performing REITs in 2024","https://finance.yahoo.com/news/hudson-pacific-properties-inc-hpp-190706495.html?.tsrc=rss","4.980000019073486","4.980000019073486","4.980000019073486","0","0","0","Closed"
"FSP","2024-10-20 15:06:39","Franklin Street Properties Corp. (FSP): Among the Worst Performing REITs in 2024","https://finance.yahoo.com/news/franklin-street-properties-corp-fsp-190639228.html?.tsrc=rss","1.7599999904632568","1.7599999904632568","1.7599999904632568","0","0","0","Closed"
"MU","2024-10-20 15:04:51","Micron Technology Inc. (MU): Among the Best US Stocks for Foreign Investors Right Now","https://finance.yahoo.com/news/micron-technology-inc-mu-among-190451445.html?.tsrc=rss","111.1500015258789","111.1500015258789","111.1500015258789","0","0","0","Closed"
"ALIT","2024-10-20 15:02:23","Is Alight Inc. (ALIT) the Best US Stock to Buy Under $10?","https://finance.yahoo.com/news/alight-inc-alit-best-us-190223386.html?.tsrc=rss","7.25","7.25","7.25","0","0","0","Closed"
"MRK","2024-10-20 15:00:47","Merck & Co. Inc. (MRK): Among the Best US Stocks for Foreign Investors Right Now","https://finance.yahoo.com/news/merck-co-inc-mrk-among-190047293.html?.tsrc=rss","108.69999694824219","108.69999694824219","108.69999694824219","0","0","0","Closed"
"DIS","2024-10-20 15:00:00","Netflix's Latest Earnings Call Sent Its Stock Surging. Should You Buy Now?","https://www.fool.com/investing/2024/10/20/netflixs-latest-earnings-call-sent-its-stock-surgi/?source=eptyholnk0000202&utm_source=yahoo-host-full&utm_medium=feed&utm_campaign=article&referring_guid=d3db5c1b-ac0c-4883-a096-04da6597b1fb&.tsrc=rss","97.27999877929688","97.27999877929688","97.27999877929688","0","0","0","Closed"
"NFLX","2024-10-20 15:00:00","Netflix's Latest Earnings Call Sent Its Stock Surging. Should You Buy Now?","https://www.fool.com/investing/2024/10/20/netflixs-latest-earnings-call-sent-its-stock-surgi/?source=eptyholnk0000202&utm_source=yahoo-host-full&utm_medium=feed&utm_campaign=article&referring_guid=d3db5c1b-ac0c-4883-a096-04da6597b1fb&.tsrc=rss","763.8900146484375","763.8900146484375","763.8900146484375","0","0","0","Closed"
"AAPL","2024-10-20 15:00:00","Netflix's Latest Earnings Call Sent Its Stock Surging. Should You Buy Now?","https://www.fool.com/investing/2024/10/20/netflixs-latest-earnings-call-sent-its-stock-surgi/?source=eptyholnk0000202&utm_source=yahoo-host-full&utm_medium=feed&utm_campaign=article&referring_guid=d3db5c1b-ac0c-4883-a096-04da6597b1fb&.tsrc=rss","235.0","235.0","235.0","0","0","0","Closed"
"AMZN","2024-10-20 15:00:00","Netflix's Latest Earnings Call Sent Its Stock Surging. Should You Buy Now?","https://www.fool.com/investing/2024/10/20/netflixs-latest-earnings-call-sent-its-stock-surgi/?source=eptyholnk0000202&utm_source=yahoo-host-full&utm_medium=feed&utm_campaign=article&referring_guid=d3db5c1b-ac0c-4883-a096-04da6597b1fb&.tsrc=rss","188.99000549316406","188.99000549316406","188.99000549316406","0","0","0","Closed"
"PTON","2024-10-20 14:58:04","Is Peloton Interactive Inc. (PTON) the Best US Stock to Buy Under $10?","https://finance.yahoo.com/news/peloton-interactive-inc-pton-best-185804065.html?.tsrc=rss","5.840000152587891","5.840000152587891","5.840000152587891","0","0","0","Closed"
"ADBE","2024-10-20 14:56:57","Adobe Inc. (ADBE): Among the Best US Stocks for Foreign Investors Right Now","https://finance.yahoo.com/news/adobe-inc-adbe-among-best-185657620.html?.tsrc=rss","494.8999938964844","494.8999938964844","494.8999938964844","0","0","0","Closed"
"GNW","2024-10-20 14:55:47","Is Genworth Financial Inc. (GNW) the Best US Stock to Buy Under $10?","https://finance.yahoo.com/news/genworth-financial-inc-gnw-best-185547879.html?.tsrc=rss","7.090000152587891","7.090000152587891","7.090000152587891","0","0","0","Closed"
"GOOG","2024-10-20 14:53:17","Alphabet Inc. (GOOGL): Among the Best US Stocks for Foreign Investors Right Now","https://finance.yahoo.com/news/alphabet-inc-googl-among-best-185317776.html?.tsrc=rss","165.0500030517578","165.0500030517578","165.0500030517578","0","0","0","Closed"
"GOOGL","2024-10-20 14:53:17","Alphabet Inc. (GOOGL): Among the Best US Stocks for Foreign Investors Right Now","https://finance.yahoo.com/news/alphabet-inc-googl-among-best-185317776.html?.tsrc=rss","163.4199981689453","163.4199981689453","163.4199981689453","0","0","0","Closed"
"GT","2024-10-20 14:51:30","Is Goodyear Tire & Rubber Co. (GT) the Best US Stock to Buy Under $10?","https://finance.yahoo.com/news/goodyear-tire-rubber-co-gt-185130296.html?.tsrc=rss","8.680000305175781","8.680000305175781","8.680000305175781","0","0","0","Closed"
"AMD","2024-10-20 14:50:07","Advanced Micro Devices Inc. (AMD): Among the Best US Stocks for Foreign Investors Right Now","https://finance.yahoo.com/news/advanced-micro-devices-inc-amd-185007796.html?.tsrc=rss","155.97000122070312","155.97000122070312","155.97000122070312","0","0","0","Closed"
"SNY","2024-10-20 14:50:02","Sanofi reaches deal on terms of sale of consumer health arm, say French government sources","https://finance.yahoo.com/news/sanofi-sell-51-stake-opella-185002416.html?.tsrc=rss","54.93000030517578","54.93000030517578","54.93000030517578","0","0","0","Closed"
"QCOM","2024-10-20 14:46:10","Qualcomm Inc. (QCOM): Among the Best US Stocks for Foreign Investors Right Now","https://finance.yahoo.com/news/qualcomm-inc-qcom-among-best-184610593.html?.tsrc=rss","170.9199981689453","170.9199981689453","170.9199981689453","0","0","0","Closed"
"MQ","2024-10-20 14:45:59","Is Marqeta Inc. (MQ) the Best US Stock to Buy Under $10?","https://finance.yahoo.com/news/teladoc-health-inc-tdoc-best-184559259.html?.tsrc=rss","5.210000038146973","5.210000038146973","5.210000038146973","0","0","0","Closed"
"TDOC","2024-10-20 14:45:59","Is Marqeta Inc. (MQ) the Best US Stock to Buy Under $10?","https://finance.yahoo.com/news/teladoc-health-inc-tdoc-best-184559259.html?.tsrc=rss","9.84000015258789","9.84000015258789","9.84000015258789","0","0","0","Closed"
"TDOC","2024-10-20 14:44:03","Is Teladoc Health Inc. (TDOC) the Best US Stock to Buy Under $10?","https://finance.yahoo.com/news/teladoc-health-inc-tdoc-best-184403713.html?.tsrc=rss","9.84000015258789","9.84000015258789","9.84000015258789","0","0","0","Closed"
"MSFT","2024-10-20 14:42:25","Microsoft Corp. (MSFT): Among the Best US Stocks for Foreign Investors Right Now","https://finance.yahoo.com/news/microsoft-corp-msft-among-best-184225630.html?.tsrc=rss","418.1600036621094","418.1600036621094","418.1600036621094","0","0","0","Closed"
"CHCT","2024-10-20 14:39:24","Community Healthcare Trust Incorporated (CHCT): Among the Worst Performing REITs in 2024","https://finance.yahoo.com/news/community-healthcare-trust-incorporated-chct-183924875.html?.tsrc=rss","17.75","17.75","17.75","0","0","0","Closed"
"AMZN","2024-10-20 14:37:27","Amazon.com Inc. (AMZN): Among the Best US Stocks for Foreign Investors Right Now","https://finance.yahoo.com/news/amazon-com-inc-amzn-among-183727745.html?.tsrc=rss","188.99000549316406","188.99000549316406","188.99000549316406","0","0","0","Closed"
"ACRE","2024-10-20 14:30:19","Ares Commercial Real Estate Corporation (ACRE): Among the Worst Performing REITs in 2024","https://finance.yahoo.com/news/ares-commercial-real-estate-corporation-183019274.html?.tsrc=rss","6.710000038146973","6.710000038146973","6.710000038146973","0","0","0","Closed"
"NYMT","2024-10-20 14:29:15","New York Mortgage Trust, Inc. (NYMT): Among the Worst Performing REITs in 2024","https://finance.yahoo.com/news/york-mortgage-trust-inc-nymt-182915350.html?.tsrc=rss","5.579999923706055","5.579999923706055","5.579999923706055","0","0","0","Closed"
"RC","2024-10-20 14:28:25","Ready Capital Corporation (RC): Among the Worst Performing REITs in 2024","https://finance.yahoo.com/news/ready-capital-corporation-rc-among-182825457.html?.tsrc=rss","7.25","7.25","7.25","0","0","0","Closed"
"AMZN","2024-10-20 14:24:50","Amazon.com (AMZN): Among the Most Profitable Stocks of the Last 10 Years","https://finance.yahoo.com/news/amazon-com-amzn-among-most-182450029.html?.tsrc=rss","188.99000549316406","188.99000549316406","188.99000549316406","0","0","0","Closed"
"SMMT","2024-10-20 14:23:47","Is Summit Therapeutics Inc. (SMMT) the Best QQQ Stock to Buy According to Analysts?","https://finance.yahoo.com/news/summit-therapeutics-inc-smmt-best-182347226.html?.tsrc=rss","21.209999084472656","21.209999084472656","21.209999084472656","0","0","0","Closed"
"BIIB","2024-10-20 14:20:36","Is Biogen Inc. (BIIB) the Best QQQ Stock to Buy According to Analysts?","https://finance.yahoo.com/news/biogen-inc-biib-best-qqq-182036553.html?.tsrc=rss","190.16000366210938","190.16000366210938","190.16000366210938","0","0","0","Closed"
"NVDA","2024-10-20 14:20:31","NVIDIA (NVDA): Among the Most Profitable Stocks of the Last 10 Years","https://finance.yahoo.com/news/nvidia-nvda-among-most-profitable-182031156.html?.tsrc=rss","138.0","138.0","138.0","0","0","0","Closed"
"MRNA","2024-10-20 14:17:48","Is Moderna Inc. (MRNA) the Best QQQ Stock to Buy According to Analysts?","https://finance.yahoo.com/news/moderna-inc-mrna-best-qqq-181748509.html?.tsrc=rss","54.099998474121094","54.099998474121094","54.099998474121094","0","0","0","Closed"
"TMUS","2024-10-20 14:16:46","T-Mobile US (TMUS): Among the Most Profitable Stocks of the Last 10 Years","https://finance.yahoo.com/news/t-mobile-us-tmus-among-181646688.html?.tsrc=rss","223.2100067138672","223.2100067138672","223.2100067138672","0","0","0","Closed"
"MU","2024-10-20 14:15:25","Is Micron Technology Inc. (MU) the Best QQQ Stock to Buy According to Analysts?","https://finance.yahoo.com/news/micron-technology-inc-mu-best-181525063.html?.tsrc=rss","111.1500015258789","111.1500015258789","111.1500015258789","0","0","0","Closed"
"GFS","2024-10-20 14:12:50","Is Globalfoundries Inc. (GFS) the Best QQQ Stock to Buy According to Analysts?","https://finance.yahoo.com/news/globalfoundries-inc-gfs-best-qqq-181250310.html?.tsrc=rss","40.43000030517578","40.43000030517578","40.43000030517578","0","0","0","Closed"
"NFLX","2024-10-20 14:12:21","Netflix (NFLX): Among the Most Profitable Stocks of the Last 10 Years","https://finance.yahoo.com/news/netflix-nflx-among-most-profitable-181221840.html?.tsrc=rss","763.8900146484375","763.8900146484375","763.8900146484375","0","0","0","Closed"
"DXCM","2024-10-20 14:10:50","Is DexCom Inc. (DXCM) the Best QQQ Stock to Buy According to Analysts?","https://finance.yahoo.com/news/dexcom-inc-dxcm-best-qqq-181050062.html?.tsrc=rss","72.37999725341797","72.37999725341797","72.37999725341797","0","0","0","Closed"
"META","2024-10-20 14:09:09","Meta Platforms (META): Among the Most Profitable Stocks of the Last 10 Years","https://finance.yahoo.com/news/meta-platforms-meta-among-most-180909836.html?.tsrc=rss","576.469970703125","576.469970703125","576.469970703125","0","0","0","Closed"
"MCHP","2024-10-20 14:07:55","Is Microchip Technology Inc. (MCHP) the Best QQQ Stock to Buy According to Analysts?","https://finance.yahoo.com/news/microchip-technology-inc-mchp-best-180755965.html?.tsrc=rss","77.33999633789062","77.33999633789062","77.33999633789062","0","0","0","Closed"
"AVGO","2024-10-20 14:06:07","Broadcom (AVGO): Among the Most Profitable Stocks of the Last 10 Years","https://finance.yahoo.com/news/broadcom-avgo-among-most-profitable-180607157.html?.tsrc=rss","179.88999938964844","179.88999938964844","179.88999938964844","0","0","0","Closed"
"ADBE","2024-10-20 14:03:49","Is Adobe Inc. (ADBE) the Best QQQ Stock to Buy According to Analysts?","https://finance.yahoo.com/news/adobe-inc-adbe-best-qqq-180349943.html?.tsrc=rss","494.8999938964844","494.8999938964844","494.8999938964844","0","0","0","Closed"
"AMD","2024-10-20 14:02:50","Advanced Micro Devices (AMD): Among the Most Profitable Stocks of the Last 10 Years","https://finance.yahoo.com/news/advanced-micro-devices-amd-among-180250596.html?.tsrc=rss","155.97000122070312","155.97000122070312","155.97000122070312","0","0","0","Closed"
"GOOGL","2024-10-20 13:59:41","Alphabet (GOOG): Among the Most Profitable Stocks of the Last 10 Years","https://finance.yahoo.com/news/alphabet-goog-among-most-profitable-175941072.html?.tsrc=rss","163.4199981689453","163.4199981689453","163.4199981689453","0","0","0","Closed"
"GOOG","2024-10-20 13:59:41","Alphabet (GOOG): Among the Most Profitable Stocks of the Last 10 Years","https://finance.yahoo.com/news/alphabet-goog-among-most-profitable-175941072.html?.tsrc=rss","165.0500030517578","165.0500030517578","165.0500030517578","0","0","0","Closed"
"MSFT","2024-10-20 12:21:46","3 Must-Watch Tech Earnings Reports Coming Up","https://finance.yahoo.com/news/3-must-watch-tech-earnings-162146744.html?.tsrc=rss","418.1600036621094","418.1600036621094","418.1600036621094","0","0","0","Closed"
"AMZN","2024-10-20 12:21:46","3 Must-Watch Tech Earnings Reports Coming Up","https://finance.yahoo.com/news/3-must-watch-tech-earnings-162146744.html?.tsrc=rss","188.99000549316406","188.99000549316406","188.99000549316406","0","0","0","Closed"
"NVDA","2024-10-20 11:43:00","2 Game-Changing Artificial Intelligence (AI) Stocks to Buy Right Now (Hint: Not Nvidia)","https://www.fool.com/investing/2024/10/20/2-game-changing-ai-stocks-not-nvidia/?source=eptyholnk0000202&utm_source=yahoo-host-full&utm_medium=feed&utm_campaign=article&referring_guid=f6a65338-f7f1-453c-8fcc-c248e1899dd5&.tsrc=rss","138.0","138.0","138.0","0","0","0","Closed"
"AMZN","2024-10-20 11:03:12","Is Amazon.com, Inc. (AMZN) the Best IoT Stock To Buy Now?","https://finance.yahoo.com/news/amazon-com-inc-amzn-best-150312955.html?.tsrc=rss","188.99000549316406","188.99000549316406","188.99000549316406","0","0","0","Closed"
"MSFT","2024-10-20 11:00:19","Is Microsoft Corporation (MSFT) the Best IoT Stock To Buy Now?","https://finance.yahoo.com/news/microsoft-corporation-msft-best-iot-150019461.html?.tsrc=rss","418.1600036621094","418.1600036621094","418.1600036621094","0","0","0","Closed"
"META","2024-10-20 10:50:54","Is Meta Platforms, Inc. (META) the Best IoT Stock To Buy Now?","https://finance.yahoo.com/news/meta-platforms-inc-meta-best-145054324.html?.tsrc=rss","576.469970703125","576.469970703125","576.469970703125","0","0","0","Closed"
"GOOGL","2024-10-20 10:45:39","Is Alphabet Inc. (GOOGL) the Best IoT Stock To Buy Now?","https://finance.yahoo.com/news/alphabet-inc-googl-best-iot-144539824.html?.tsrc=rss","163.4199981689453","163.4199981689453","163.4199981689453","0","0","0","Closed"
"GOOG","2024-10-20 10:45:39","Is Alphabet Inc. (GOOGL) the Best IoT Stock To Buy Now?","https://finance.yahoo.com/news/alphabet-inc-googl-best-iot-144539824.html?.tsrc=rss","165.0500030517578","165.0500030517578","165.0500030517578","0","0","0","Closed"
"AAPL","2024-10-20 10:13:34","Is Apple Inc. (AAPL) the Best IoT Stock To Buy Now?","https://finance.yahoo.com/news/apple-inc-aapl-best-iot-141334556.html?.tsrc=rss","235.0","235.0","235.0","0","0","0","Closed"
"AVGO","2024-10-20 10:10:35","Is Broadcom Inc. (AVGO) the Best IoT Stock To Buy Now?","https://finance.yahoo.com/news/broadcom-inc-avgo-best-iot-141035746.html?.tsrc=rss","179.88999938964844","179.88999938964844","179.88999938964844","0","0","0","Closed"
"QCOM","2024-10-20 10:04:31","Is QUALCOMM Incorporated (QCOM) the Best IoT Stock To Buy Now?","https://finance.yahoo.com/news/qualcomm-incorporated-qcom-best-iot-140431813.html?.tsrc=rss","170.9199981689453","170.9199981689453","170.9199981689453","0","0","0","Closed"
"DXCM","2024-10-20 10:02:02","Is DexCom, Inc. (DXCM) the Best IoT Stock To Buy Now?","https://finance.yahoo.com/news/dexcom-inc-dxcm-best-iot-140202731.html?.tsrc=rss","72.37999725341797","72.37999725341797","72.37999725341797","0","0","0","Closed"
"AAPL","2024-10-20 10:00:45","If You Invested $10,000 In Apple Stock 10 Years Ago, How Much Would You Have Now?","https://finance.yahoo.com/news/invested-10-000-apple-stock-140045443.html?.tsrc=rss","235.0","235.0","235.0","0","0","0","Closed"
"AMZN","2024-10-20 09:30:00","Billionaire Philippe Laffont Just Increased His Position by 139% in This Data Center Opportunity (Hint: It's Not Nvidia)","https://www.fool.com/investing/2024/10/20/billionaire-philippe-laffont-just-increased-his/?source=eptyholnk0000202&utm_source=yahoo-host-full&utm_medium=feed&utm_campaign=article&referring_guid=8f78dbc9-4394-49c9-9a7c-c58e04e03722&.tsrc=rss","188.99000549316406","188.99000549316406","188.99000549316406","0","0","0","Closed"
"MSFT","2024-10-20 09:30:00","Billionaire Philippe Laffont Just Increased His Position by 139% in This Data Center Opportunity (Hint: It's Not Nvidia)","https://www.fool.com/investing/2024/10/20/billionaire-philippe-laffont-just-increased-his/?source=eptyholnk0000202&utm_source=yahoo-host-full&utm_medium=feed&utm_campaign=article&referring_guid=8f78dbc9-4394-49c9-9a7c-c58e04e03722&.tsrc=rss","418.1600036621094","418.1600036621094","418.1600036621094","0","0","0","Closed"
"NVDA","2024-10-20 09:30:00","Billionaire Philippe Laffont Just Increased His Position by 139% in This Data Center Opportunity (Hint: It's Not Nvidia)","https://www.fool.com/investing/2024/10/20/billionaire-philippe-laffont-just-increased-his/?source=eptyholnk0000202&utm_source=yahoo-host-full&utm_medium=feed&utm_campaign=article&referring_guid=8f78dbc9-4394-49c9-9a7c-c58e04e03722&.tsrc=rss","138.0","138.0","138.0","0","0","0","Closed"
"AMZN","2024-10-20 09:15:00","If You Bought 1 Share of Alphabet Stock at Its IPO, Here's How Many Shares You Would Own Now","https://www.fool.com/investing/2024/10/20/if-you-bought-1-share-of-alphabet-stock-at-its-ipo/?source=eptyholnk0000202&utm_source=yahoo-host-full&utm_medium=feed&utm_campaign=article&referring_guid=3db74987-b7e1-4d11-9fe3-1223cbeb5673&.tsrc=rss","188.99000549316406","188.99000549316406","188.99000549316406","0","0","0","Closed"
"GOOGL","2024-10-20 09:15:00","If You Bought 1 Share of Alphabet Stock at Its IPO, Here's How Many Shares You Would Own Now","https://www.fool.com/investing/2024/10/20/if-you-bought-1-share-of-alphabet-stock-at-its-ipo/?source=eptyholnk0000202&utm_source=yahoo-host-full&utm_medium=feed&utm_campaign=article&referring_guid=3db74987-b7e1-4d11-9fe3-1223cbeb5673&.tsrc=rss","163.4199981689453","163.4199981689453","163.4199981689453","0","0","0","Closed"
"GOOG","2024-10-20 09:15:00","If You Bought 1 Share of Alphabet Stock at Its IPO, Here's How Many Shares You Would Own Now","https://www.fool.com/investing/2024/10/20/if-you-bought-1-share-of-alphabet-stock-at-its-ipo/?source=eptyholnk0000202&utm_source=yahoo-host-full&utm_medium=feed&utm_campaign=article&referring_guid=3db74987-b7e1-4d11-9fe3-1223cbeb5673&.tsrc=rss","165.0500030517578","165.0500030517578","165.0500030517578","0","0","0","Closed"
"GOOGL","2024-10-20 09:00:23","Is There An Opportunity With Alphabet Inc.'s (NASDAQ:GOOGL) 33% Undervaluation?","https://finance.yahoo.com/news/opportunity-alphabet-inc-nasdaq-googl-130023630.html?.tsrc=rss","163.4199981689453","163.4199981689453","163.4199981689453","0","0","0","Closed"
"GOOG","2024-10-20 09:00:23","Is There An Opportunity With Alphabet Inc.'s (NASDAQ:GOOGL) 33% Undervaluation?","https://finance.yahoo.com/news/opportunity-alphabet-inc-nasdaq-googl-130023630.html?.tsrc=rss","165.0500030517578","165.0500030517578","165.0500030517578","0","0","0","Closed"
"AMD","2024-10-20 08:30:16","Nvidia stock is in beast mode again!","https://finance.yahoo.com/news/nvidia-stock-is-in-beast-mode-again-123016081.html?.tsrc=rss","155.97000122070312","155.97000122070312","155.97000122070312","0","0","0","Closed"
"NVDA","2024-10-20 08:30:16","Nvidia stock is in beast mode again!","https://finance.yahoo.com/news/nvidia-stock-is-in-beast-mode-again-123016081.html?.tsrc=rss","138.0","138.0","138.0","0","0","0","Closed"
"NOW","2024-10-20 08:30:16","Nvidia stock is in beast mode again!","https://finance.yahoo.com/news/nvidia-stock-is-in-beast-mode-again-123016081.html?.tsrc=rss","921.75","921.75","921.75","0","0","0","Closed"
"NVDA","2024-10-20 08:23:00","Better Artificial Intelligence Stock: Nvidia vs. SoundHound AI","https://www.fool.com/investing/2024/10/20/better-artificial-intelligence-stock-nvidia-vs-sou/?source=eptyholnk0000202&utm_source=yahoo-host-full&utm_medium=feed&utm_campaign=article&referring_guid=4ec0453b-9c3c-4310-a43d-b20c088f445d&.tsrc=rss","138.0","138.0","138.0","0","0","0","Closed"
"NVDA","2024-10-20 08:15:00","The Smartest Growth Stock to Buy With $500 Right Now","https://www.fool.com/investing/2024/10/20/smartest-growth-stock-to-buy-with-500-right-now/?source=eptyholnk0000202&utm_source=yahoo-host-full&utm_medium=feed&utm_campaign=article&referring_guid=902c3692-bb64-412a-86c8-3dcbd090d8b6&.tsrc=rss","138.0","138.0","138.0","0","0","0","Closed"
"MU","2024-10-20 08:00:51","Micron Technology (NASDAQ:MU) investors are up 4.0% in the past week, but earnings have declined over the last five years","https://finance.yahoo.com/news/micron-technology-nasdaq-mu-investors-120051493.html?.tsrc=rss","111.1500015258789","111.1500015258789","111.1500015258789","0","0","0","Closed"
"NVDA","2024-10-20 08:00:01","ASML Shows Chasm in Chip Land: AI Winners Versus Everyone Else","https://finance.yahoo.com/news/asml-shows-chasm-chip-land-120001187.html?.tsrc=rss","138.0","138.0","138.0","0","0","0","Closed"
"GOOGL","2024-10-20 08:00:00","Starmer cosies up to ‘big tech’ in his desperate search for growth","https://www.telegraph.co.uk/business/2024/10/20/starmer-cosies-up-to-big-tech-desperate-search-for-growth/?.tsrc=rss","163.4199981689453","163.4199981689453","163.4199981689453","0","0","0","Closed"
"GOOG","2024-10-20 08:00:00","Starmer cosies up to ‘big tech’ in his desperate search for growth","https://www.telegraph.co.uk/business/2024/10/20/starmer-cosies-up-to-big-tech-desperate-search-for-growth/?.tsrc=rss","165.0500030517578","165.0500030517578","165.0500030517578","0","0","0","Closed"
"AMZN","2024-10-20 07:39:00","Want to Invest in Artificial Intelligence (AI) Safely? Buy These 3 ETFs","https://www.fool.com/investing/2024/10/20/want-to-invest-ai-safely-buy-these-3-etfs/?source=eptyholnk0000202&utm_source=yahoo-host-full&utm_medium=feed&utm_campaign=article&referring_guid=826c0a15-aeea-45f5-80f1-a05d2c898506&.tsrc=rss","188.99000549316406","188.99000549316406","188.99000549316406","0","0","0","Closed"
"NVDA","2024-10-20 07:39:00","Want to Invest in Artificial Intelligence (AI) Safely? Buy These 3 ETFs","https://www.fool.com/investing/2024/10/20/want-to-invest-ai-safely-buy-these-3-etfs/?source=eptyholnk0000202&utm_source=yahoo-host-full&utm_medium=feed&utm_campaign=article&referring_guid=826c0a15-aeea-45f5-80f1-a05d2c898506&.tsrc=rss","138.0","138.0","138.0","0","0","0","Closed"
"MSFT","2024-10-20 07:39:00","Want to Invest in Artificial Intelligence (AI) Safely? Buy These 3 ETFs","https://www.fool.com/investing/2024/10/20/want-to-invest-ai-safely-buy-these-3-etfs/?source=eptyholnk0000202&utm_source=yahoo-host-full&utm_medium=feed&utm_campaign=article&referring_guid=826c0a15-aeea-45f5-80f1-a05d2c898506&.tsrc=rss","418.1600036621094","418.1600036621094","418.1600036621094","0","0","0","Closed"
"AMD","2024-10-20 07:39:00","Want to Invest in Artificial Intelligence (AI) Safely? Buy These 3 ETFs","https://www.fool.com/investing/2024/10/20/want-to-invest-ai-safely-buy-these-3-etfs/?source=eptyholnk0000202&utm_source=yahoo-host-full&utm_medium=feed&utm_campaign=article&referring_guid=826c0a15-aeea-45f5-80f1-a05d2c898506&.tsrc=rss","155.97000122070312","155.97000122070312","155.97000122070312","0","0","0","Closed"
"NVDA","2024-10-20 07:35:00","The Best Stocks to Invest $1,000 in Right Now","https://www.fool.com/investing/2024/10/20/the-best-stocks-to-invest-1000-in-right-now/?source=eptyholnk0000202&utm_source=yahoo-host-full&utm_medium=feed&utm_campaign=article&referring_guid=efbb9a40-8215-48e2-90b2-6715b8c1e6ff&.tsrc=rss","138.0","138.0","138.0","0","0","0","Closed"
"META","2024-10-20 07:35:00","The Best Stocks to Invest $1,000 in Right Now","https://www.fool.com/investing/2024/10/20/the-best-stocks-to-invest-1000-in-right-now/?source=eptyholnk0000202&utm_source=yahoo-host-full&utm_medium=feed&utm_campaign=article&referring_guid=efbb9a40-8215-48e2-90b2-6715b8c1e6ff&.tsrc=rss","576.469970703125","576.469970703125","576.469970703125","0","0","0","Closed"
"AMZN","2024-10-20 07:32:15","Tesla, Boeing, UPS highlight earnings rush: What to know this week","https://finance.yahoo.com/news/tesla-boeing-ups-highlight-earnings-rush-what-to-know-this-week-113215991.html?.tsrc=rss","188.99000549316406","188.99000549316406","188.99000549316406","0","0","0","Closed"
"AAPL","2024-10-20 07:32:15","Tesla, Boeing, UPS highlight earnings rush: What to know this week","https://finance.yahoo.com/news/tesla-boeing-ups-highlight-earnings-rush-what-to-know-this-week-113215991.html?.tsrc=rss","235.0","235.0","235.0","0","0","0","Closed"
"AAPL","2024-10-20 07:30:00","Meet the Newest Artificial Intelligence (AI) Chip Stock to Join Nvidia in the $1 Trillion Club","https://www.fool.com/investing/2024/10/20/meet-the-newest-artificial-intelligence-ai-chip-st/?source=eptyholnk0000202&utm_source=yahoo-host-full&utm_medium=feed&utm_campaign=article&referring_guid=59526e2c-af9c-497f-8b19-bdbb588ecadb&.tsrc=rss","235.0","235.0","235.0","0","0","0","Closed"
"NVDA","2024-10-20 07:30:00","Meet the Newest Artificial Intelligence (AI) Chip Stock to Join Nvidia in the $1 Trillion Club","https://www.fool.com/investing/2024/10/20/meet-the-newest-artificial-intelligence-ai-chip-st/?source=eptyholnk0000202&utm_source=yahoo-host-full&utm_medium=feed&utm_campaign=article&referring_guid=59526e2c-af9c-497f-8b19-bdbb588ecadb&.tsrc=rss","138.0","138.0","138.0","0","0","0","Closed"
"MCD","2024-10-20 07:00:37","McDonald's' (NYSE:MCD) 13% CAGR outpaced the company's earnings growth over the same five-year period","https://finance.yahoo.com/news/mcdonalds-nyse-mcd-13-cagr-110037169.html?.tsrc=rss","316.55999755859375","316.55999755859375","316.55999755859375","0","0","0","Closed"
"NFLX","2024-10-20 07:00:00","Anime Is Japan’s Next Global Champion","https://www.wsj.com/finance/stocks/anime-is-japans-next-global-champion-078fbb68?.tsrc=rss","763.8900146484375","763.8900146484375","763.8900146484375","0","0","0","Closed"
"NVDA","2024-10-20 07:00:00","Can a Potential Chip Cap Slow Nvidia Down?","https://www.fool.com/investing/2024/10/20/can-potential-chip-cap-slow-nvidia-down/?source=eptyholnk0000202&utm_source=yahoo-host-full&utm_medium=feed&utm_campaign=article&referring_guid=823064e6-f420-4815-b100-9f3684ba3ccb&.tsrc=rss","138.0","138.0","138.0","0","0","0","Closed"
"AMD","2024-10-20 06:45:00","These Top Tech Stocks Are Down 30% to 50% in 2024. Is It Time to Buy?","https://www.fool.com/investing/2024/10/20/these-top-tech-stocks-are-down-30-to-50-in-2024-is/?source=eptyholnk0000202&utm_source=yahoo-host-full&utm_medium=feed&utm_campaign=article&referring_guid=30cc1011-846c-420c-9905-4f688a5382cb&.tsrc=rss","155.97000122070312","155.97000122070312","155.97000122070312","0","0","0","Closed"
"NVDA","2024-10-20 06:45:00","These Top Tech Stocks Are Down 30% to 50% in 2024. Is It Time to Buy?","https://www.fool.com/investing/2024/10/20/these-top-tech-stocks-are-down-30-to-50-in-2024-is/?source=eptyholnk0000202&utm_source=yahoo-host-full&utm_medium=feed&utm_campaign=article&referring_guid=30cc1011-846c-420c-9905-4f688a5382cb&.tsrc=rss","138.0","138.0","138.0","0","0","0","Closed"
"MSFT","2024-10-20 06:45:00","These Top Tech Stocks Are Down 30% to 50% in 2024. Is It Time to Buy?","https://www.fool.com/investing/2024/10/20/these-top-tech-stocks-are-down-30-to-50-in-2024-is/?source=eptyholnk0000202&utm_source=yahoo-host-full&utm_medium=feed&utm_campaign=article&referring_guid=30cc1011-846c-420c-9905-4f688a5382cb&.tsrc=rss","418.1600036621094","418.1600036621094","418.1600036621094","0","0","0","Closed"
"CRM","2024-10-20 06:30:00","2 Top Tech Stocks to Buy Right Now","https://www.fool.com/investing/2024/10/20/2-top-tech-stocks-to-buy-right-now/?source=eptyholnk0000202&utm_source=yahoo-host-full&utm_medium=feed&utm_campaign=article&referring_guid=f87f1e68-219c-479b-a83b-7468f030d7e1&.tsrc=rss","292.94000244140625","292.94000244140625","292.94000244140625","0","0","0","Closed"
"NVDA","2024-10-20 06:15:00","Where Will Nvidia Stock Be In 3 Years?","https://www.fool.com/investing/2024/10/20/where-will-nvidia-stock-be-in-3-years/?source=eptyholnk0000202&utm_source=yahoo-host-full&utm_medium=feed&utm_campaign=article&referring_guid=67d2f9d0-f73b-4213-bfeb-d120341c0dc0&.tsrc=rss","138.0","138.0","138.0","0","0","0","Closed"
"AMD","2024-10-20 06:15:00","Where Will Nvidia Stock Be In 3 Years?","https://www.fool.com/investing/2024/10/20/where-will-nvidia-stock-be-in-3-years/?source=eptyholnk0000202&utm_source=yahoo-host-full&utm_medium=feed&utm_campaign=article&referring_guid=67d2f9d0-f73b-4213-bfeb-d120341c0dc0&.tsrc=rss","155.97000122070312","155.97000122070312","155.97000122070312","0","0","0","Closed"
"MU","2024-10-20 06:10:00","Got $5,000? 2 Top-Growth Stocks to Buy That Could Double Your Money","https://www.fool.com/investing/2024/10/20/got-5000-y-top-growth-stocks-to-buy-that-could-dou/?source=eptyholnk0000202&utm_source=yahoo-host-full&utm_medium=feed&utm_campaign=article&referring_guid=cd48526f-6aa9-4e4f-a619-9117c2b1d860&.tsrc=rss","111.1500015258789","111.1500015258789","111.1500015258789","0","0","0","Closed"
"MSFT","2024-10-20 05:51:00","3 Stocks That Could Be Big Winners if Kamala Harris Wins but the GOP Controls Congress","https://www.fool.com/investing/2024/10/20/3-stocks-that-could-be-big-winners-if-kamala-harri/?source=eptyholnk0000202&utm_source=yahoo-host-full&utm_medium=feed&utm_campaign=article&referring_guid=3d9ce003-04ec-49e3-af7b-cf5f3400209e&.tsrc=rss","418.1600036621094","418.1600036621094","418.1600036621094","0","0","0","Closed"
"AVGO","2024-10-20 05:51:00","3 Stocks That Could Be Big Winners if Kamala Harris Wins but the GOP Controls Congress","https://www.fool.com/investing/2024/10/20/3-stocks-that-could-be-big-winners-if-kamala-harri/?source=eptyholnk0000202&utm_source=yahoo-host-full&utm_medium=feed&utm_campaign=article&referring_guid=3d9ce003-04ec-49e3-af7b-cf5f3400209e&.tsrc=rss","179.88999938964844","179.88999938964844","179.88999938964844","0","0","0","Closed"
"NVDA","2024-10-20 05:35:00","Nvidia Is Crushing It in This Market (Hint: It's Not Data Centers)","https://www.fool.com/investing/2024/10/20/nvidia-crushing-it-market-not-data-centers/?source=eptyholnk0000202&utm_source=yahoo-host-full&utm_medium=feed&utm_campaign=article&referring_guid=e281b026-3619-4df3-b2ea-bf7f7c42ee99&.tsrc=rss","138.0","138.0","138.0","0","0","0","Closed"
"GOOG","2024-10-20 05:32:00","Is Alphabet Stock a Buy Now?","https://www.fool.com/investing/2024/10/20/is-alphabet-stock-a-buy-now/?source=eptyholnk0000202&utm_source=yahoo-host-full&utm_medium=feed&utm_campaign=article&referring_guid=d32695ff-5140-48c5-b7c8-b20b16784bf0&.tsrc=rss","165.0500030517578","165.0500030517578","165.0500030517578","0","0","0","Closed"
"GOOGL","2024-10-20 05:32:00","Is Alphabet Stock a Buy Now?","https://www.fool.com/investing/2024/10/20/is-alphabet-stock-a-buy-now/?source=eptyholnk0000202&utm_source=yahoo-host-full&utm_medium=feed&utm_campaign=article&referring_guid=d32695ff-5140-48c5-b7c8-b20b16784bf0&.tsrc=rss","163.4199981689453","163.4199981689453","163.4199981689453","0","0","0","Closed"
"NVDA","2024-10-20 05:20:00","2 Surefire Chip Stocks to Buy and Hold for the Next Decade","https://www.fool.com/investing/2024/10/20/2-surefire-chip-stocks-buy-hold-next-decade/?source=eptyholnk0000202&utm_source=yahoo-host-full&utm_medium=feed&utm_campaign=article&referring_guid=603de4fa-d047-457d-85ee-64284624dd9c&.tsrc=rss","138.0","138.0","138.0","0","0","0","Closed"
"NVDA","2024-10-20 05:18:00","Billionaire Stanley Druckenmiller Sold Out of Nvidia. He's Buying This AI Stock Instead.","https://www.fool.com/investing/2024/10/20/billionaire-stanley-druckenmiller-sold-nvidia/?source=eptyholnk0000202&utm_source=yahoo-host-full&utm_medium=feed&utm_campaign=article&referring_guid=e8647fbc-4a3d-40a5-b19b-1dc6c3aeccb0&.tsrc=rss","138.0","138.0","138.0","0","0","0","Closed"
"AAPL","2024-10-20 05:05:00","Meet the Unstoppable Growth Stock That Could Join Apple, Nvidia, and Microsoft in the $3 Trillion Club by 2030.","https://www.fool.com/investing/2024/10/20/meet-the-unstoppable-growth-stock-that-could-join/?source=eptyholnk0000202&utm_source=yahoo-host-full&utm_medium=feed&utm_campaign=article&referring_guid=a42832b5-2650-485d-ba3b-bc1b9dc6bf90&.tsrc=rss","235.0","235.0","235.0","0","0","0","Closed"
"META","2024-10-20 05:05:00","Meet the Unstoppable Growth Stock That Could Join Apple, Nvidia, and Microsoft in the $3 Trillion Club by 2030.","https://www.fool.com/investing/2024/10/20/meet-the-unstoppable-growth-stock-that-could-join/?source=eptyholnk0000202&utm_source=yahoo-host-full&utm_medium=feed&utm_campaign=article&referring_guid=a42832b5-2650-485d-ba3b-bc1b9dc6bf90&.tsrc=rss","576.469970703125","576.469970703125","576.469970703125","0","0","0","Closed"
"GOOGL","2024-10-20 05:05:00","Meet the Unstoppable Growth Stock That Could Join Apple, Nvidia, and Microsoft in the $3 Trillion Club by 2030.","https://www.fool.com/investing/2024/10/20/meet-the-unstoppable-growth-stock-that-could-join/?source=eptyholnk0000202&utm_source=yahoo-host-full&utm_medium=feed&utm_campaign=article&referring_guid=a42832b5-2650-485d-ba3b-bc1b9dc6bf90&.tsrc=rss","163.4199981689453","163.4199981689453","163.4199981689453","0","0","0","Closed"
"MSFT","2024-10-20 05:05:00","Meet the Unstoppable Growth Stock That Could Join Apple, Nvidia, and Microsoft in the $3 Trillion Club by 2030.","https://www.fool.com/investing/2024/10/20/meet-the-unstoppable-growth-stock-that-could-join/?source=eptyholnk0000202&utm_source=yahoo-host-full&utm_medium=feed&utm_campaign=article&referring_guid=a42832b5-2650-485d-ba3b-bc1b9dc6bf90&.tsrc=rss","418.1600036621094","418.1600036621094","418.1600036621094","0","0","0","Closed"
"GOOG","2024-10-20 05:05:00","Meet the Unstoppable Growth Stock That Could Join Apple, Nvidia, and Microsoft in the $3 Trillion Club by 2030.","https://www.fool.com/investing/2024/10/20/meet-the-unstoppable-growth-stock-that-could-join/?source=eptyholnk0000202&utm_source=yahoo-host-full&utm_medium=feed&utm_campaign=article&referring_guid=a42832b5-2650-485d-ba3b-bc1b9dc6bf90&.tsrc=rss","165.0500030517578","165.0500030517578","165.0500030517578","0","0","0","Closed"
"AMZN","2024-10-20 05:00:20","Here's Why I'm Planning to Buy My Next Laptop at Costco","https://www.fool.com/the-ascent/personal-finance/articles/heres-why-im-planning-to-buy-my-next-laptop-at-costco/?source=eptyholnk0000202&utm_source=yahoo-host-full&utm_medium=feed&utm_campaign=article&referring_guid=ae18bede-5183-42d2-ae27-5fad9200fb19&.tsrc=rss","188.99000549316406","188.99000549316406","188.99000549316406","0","0","0","Closed"
"TTD","2024-10-20 04:52:00","3 Growth Stocks That Could Skyrocket in 2025 and Beyond","https://www.fool.com/investing/2024/10/20/3-growth-stocks-that-could-skyrocket-in-2025-and-b/?source=eptyholnk0000202&utm_source=yahoo-host-full&utm_medium=feed&utm_campaign=article&referring_guid=b1cbc8a0-6469-4f81-8429-8d1f8926b9fd&.tsrc=rss","118.76000213623047","118.76000213623047","118.76000213623047","0","0","0","Closed"
"GOOGL","2024-10-20 04:45:00","Tesla Stock vs. Alphabet Stock: Wall Street Says Buy One and Sell the Other","https://www.fool.com/investing/2024/10/20/tesla-stock-alphabet-stock-wall-street-buy-sell/?source=eptyholnk0000202&utm_source=yahoo-host-full&utm_medium=feed&utm_campaign=article&referring_guid=957372a9-0fec-490f-977b-2b246cbaa814&.tsrc=rss","163.4199981689453","163.4199981689453","163.4199981689453","0","0","0","Closed"
"GOOG","2024-10-20 04:45:00","Tesla Stock vs. Alphabet Stock: Wall Street Says Buy One and Sell the Other","https://www.fool.com/investing/2024/10/20/tesla-stock-alphabet-stock-wall-street-buy-sell/?source=eptyholnk0000202&utm_source=yahoo-host-full&utm_medium=feed&utm_campaign=article&referring_guid=957372a9-0fec-490f-977b-2b246cbaa814&.tsrc=rss","165.0500030517578","165.0500030517578","165.0500030517578","0","0","0","Closed"
"GOOGL","2024-10-20 04:15:00","2 Stocks That Could Join Nvidia in the $3 Trillion Club","https://www.fool.com/investing/2024/10/20/2-stocks-join-nvidia-3-trillion-club/?source=eptyholnk0000202&utm_source=yahoo-host-full&utm_medium=feed&utm_campaign=article&referring_guid=b2b23bd0-4033-4c77-9522-03ce1d85749f&.tsrc=rss","163.4199981689453","163.4199981689453","163.4199981689453","0","0","0","Closed"
"AMZN","2024-10-20 04:15:00","2 Stocks That Could Join Nvidia in the $3 Trillion Club","https://www.fool.com/investing/2024/10/20/2-stocks-join-nvidia-3-trillion-club/?source=eptyholnk0000202&utm_source=yahoo-host-full&utm_medium=feed&utm_campaign=article&referring_guid=b2b23bd0-4033-4c77-9522-03ce1d85749f&.tsrc=rss","188.99000549316406","188.99000549316406","188.99000549316406","0","0","0","Closed"
"GOOG","2024-10-20 04:15:00","2 Stocks That Could Join Nvidia in the $3 Trillion Club","https://www.fool.com/investing/2024/10/20/2-stocks-join-nvidia-3-trillion-club/?source=eptyholnk0000202&utm_source=yahoo-host-full&utm_medium=feed&utm_campaign=article&referring_guid=b2b23bd0-4033-4c77-9522-03ce1d85749f&.tsrc=rss","165.0500030517578","165.0500030517578","165.0500030517578","0","0","0","Closed"
"AMD","2024-10-20 04:06:00","Wall Street's Hottest Trend, Artificial Intelligence (AI), Has a Conviction Problem -- Just Ask Nvidia, Broadcom, and Advanced Micro Devices","https://www.fool.com/investing/2024/10/20/wall-st-hot-trend-ai-has-conviction-problem-nvidia/?source=eptyholnk0000202&utm_source=yahoo-host-full&utm_medium=feed&utm_campaign=article&referring_guid=dc08a8d8-a8c8-4b7e-a918-ed3c69cfe51f&.tsrc=rss","155.97000122070312","155.97000122070312","155.97000122070312","0","0","0","Closed"
"AVGO","2024-10-20 04:06:00","Wall Street's Hottest Trend, Artificial Intelligence (AI), Has a Conviction Problem -- Just Ask Nvidia, Broadcom, and Advanced Micro Devices","https://www.fool.com/investing/2024/10/20/wall-st-hot-trend-ai-has-conviction-problem-nvidia/?source=eptyholnk0000202&utm_source=yahoo-host-full&utm_medium=feed&utm_campaign=article&referring_guid=dc08a8d8-a8c8-4b7e-a918-ed3c69cfe51f&.tsrc=rss","179.88999938964844","179.88999938964844","179.88999938964844","0","0","0","Closed"
"MU","2024-10-20 03:00:00","A Low-Volatility Manager Buys Intel and Verizon Stock, Sells AT&T and Micron","https://finance.yahoo.com/m/5ada03ca-962c-3e16-b2ae-ff457ac2f11c/a-low-volatility-manager-buys.html?.tsrc=rss","111.1500015258789","111.1500015258789","111.1500015258789","0","0","0","Closed"
"AMZN","2024-10-20 01:05:56","Amazon.com, Inc. (AMZN): Among the Most Owned Stocks by Hedge Funds Right Now","https://finance.yahoo.com/news/amazon-com-inc-amzn-among-050556391.html?.tsrc=rss","188.99000549316406","188.99000549316406","188.99000549316406","0","0","0","Closed"
"MSFT","2024-10-20 01:03:24","Microsoft Corporation (MSFT): Among the Most Owned Stocks by Hedge Funds Right Now","https://finance.yahoo.com/news/microsoft-corporation-msft-among-most-050324682.html?.tsrc=rss","418.1600036621094","418.1600036621094","418.1600036621094","0","0","0","Closed"
"META","2024-10-20 01:01:13","Meta Platforms, Inc. (META): Among the Most Owned Stocks by Hedge Funds Right Now","https://finance.yahoo.com/news/meta-platforms-inc-meta-among-050113408.html?.tsrc=rss","576.469970703125","576.469970703125","576.469970703125","0","0","0","Closed"
"GOOG","2024-10-20 00:55:51","Alphabet Inc. (GOOGL): Among the Most Owned Stocks by Hedge Funds Right Now","https://finance.yahoo.com/news/alphabet-inc-googl-among-most-045551115.html?.tsrc=rss","165.0500030517578","165.0500030517578","165.0500030517578","0","0","0","Closed"
"GOOGL","2024-10-20 00:55:51","Alphabet Inc. (GOOGL): Among the Most Owned Stocks by Hedge Funds Right Now","https://finance.yahoo.com/news/alphabet-inc-googl-among-most-045551115.html?.tsrc=rss","163.4199981689453","163.4199981689453","163.4199981689453","0","0","0","Closed"
"AAPL","2024-10-20 00:53:29","Apple Inc. (AAPL): Among the Most Owned Stocks by Hedge Funds Right Now","https://finance.yahoo.com/news/apple-inc-aapl-among-most-045329078.html?.tsrc=rss","235.0","235.0","235.0","0","0","0","Closed"
"V","2024-10-20 00:48:05","Visa Inc. (V): Among the Most Owned Stocks by Hedge Funds Right Now","https://finance.yahoo.com/news/visa-inc-v-among-most-044805334.html?.tsrc=rss","290.6199951171875","290.6199951171875","290.6199951171875","0","0","0","Closed"
"DG","2024-10-20 00:22:46","Dollar General Corporation (DG): Among the Oversold Growth Stocks to Invest In","https://finance.yahoo.com/news/dollar-general-corporation-dg-among-042246333.html?.tsrc=rss","80.5999984741211","80.5999984741211","80.5999984741211","0","0","0","Closed"
"GOOGL","2024-10-20 00:00:53","Nuclear energy stocks hit record highs on surging demand from AI","https://finance.yahoo.com/news/nuclear-energy-stocks-hit-record-040053976.html?.tsrc=rss","163.4199981689453","163.4199981689453","163.4199981689453","0","0","0","Closed"
"GOOG","2024-10-20 00:00:53","Nuclear energy stocks hit record highs on surging demand from AI","https://finance.yahoo.com/news/nuclear-energy-stocks-hit-record-040053976.html?.tsrc=rss","165.0500030517578","165.0500030517578","165.0500030517578","0","0","0","Closed"
